,kind,etag,id,snippet
0,youtube#commentThread,"""Fznwjl6JEQdo1MGvHOGaz_YanRU/6A-_hu9orM3Ani2DneyLowPRuqE""",UgzTqQ55XOs1CBqrI494AaABAg,"{'videoId': '6NQhTQIHs1E', 'topLevelComment': {'kind': 'youtube#comment', 'etag': '""Fznwjl6JEQdo1MGvHOGaz_YanRU/BHngetonHaY0w0hnP83P5DdOKzI""', 'id': 'UgzTqQ55XOs1CBqrI494AaABAg', 'snippet': {'authorDisplayName': 'Gamers Nexus', 'authorProfileImageUrl': 'https://yt3.ggpht.com/a/AGF-l79_yC1ynQldZc2RIfHeZV3eGzRbjhKmD4wzsQ=s48-c-k-c0xffffffff-no-rj-mo', 'authorChannelUrl': 'http://www.youtube.com/channel/UChIs72whgZI9w6d6FhwGGHA', 'authorChannelId': {'value': 'UChIs72whgZI9w6d6FhwGGHA'}, 'videoId': '6NQhTQIHs1E', 'textDisplay': 'Working on a stream recap! It&#39;ll go up tomorrow.', 'textOriginal': ""Working on a stream recap! It'll go up tomorrow."", 'canRate': True, 'viewerRating': 'none', 'likeCount': 114, 'publishedAt': '2020-02-09T22:54:04.000Z', 'updatedAt': '2020-02-09T22:54:04.000Z'}}, 'canReply': True, 'totalReplyCount': 13, 'isPublic': True}"
1,youtube#commentThread,"""Fznwjl6JEQdo1MGvHOGaz_YanRU/tjvLJcDAv1XHWxldluyEs5EM8K0""",UgwJC1GWQ151DmtaOpJ4AaABAg,"{'videoId': '6NQhTQIHs1E', 'topLevelComment': {'kind': 'youtube#comment', 'etag': '""Fznwjl6JEQdo1MGvHOGaz_YanRU/yxs-llnSNTbRpE55qkLmbWsJO9U""', 'id': 'UgwJC1GWQ151DmtaOpJ4AaABAg', 'snippet': {'authorDisplayName': 'SCUBA Steve', 'authorProfileImageUrl': 'https://yt3.ggpht.com/a/AGF-l7_1uOWUFNh-itLpCYJ46G2w0mFjBuCc4z8ZZA=s48-c-k-c0xffffffff-no-rj-mo', 'authorChannelUrl': 'http://www.youtube.com/channel/UCKa3p2j3dug1Kt4_hPyB0Ww', 'authorChannelId': {'value': 'UCKa3p2j3dug1Kt4_hPyB0Ww'}, 'videoId': '6NQhTQIHs1E', 'textDisplay': '<a href=""https://www.youtube.com/watch?v=6NQhTQIHs1E&amp;t=39m45s"">39:45</a> yah im high as shit too', 'textOriginal': '39:45 yah im high as shit too', 'canRate': True, 'viewerRating': 'none', 'likeCount': 0, 'publishedAt': '2020-02-18T05:40:02.000Z', 'updatedAt': '2020-02-18T05:40:02.000Z'}}, 'canReply': True, 'totalReplyCount': 0, 'isPublic': True}"
2,youtube#commentThread,"""Fznwjl6JEQdo1MGvHOGaz_YanRU/Bd0iC0Apzk-UfdgVfAE0x4-GXL0""",UgxRXCUICEVKBwYD7GV4AaABAg,"{'videoId': '6NQhTQIHs1E', 'topLevelComment': {'kind': 'youtube#comment', 'etag': '""Fznwjl6JEQdo1MGvHOGaz_YanRU/bf76gykewoaRro7Vgw9g8n3ImiE""', 'id': 'UgxRXCUICEVKBwYD7GV4AaABAg', 'snippet': {'authorDisplayName': 'Adam949', 'authorProfileImageUrl': 'https://yt3.ggpht.com/a/AGF-l7_41BLE1qkLAEA5titzqp1xHOKFOC1kBYRGZw=s48-c-k-c0xffffffff-no-rj-mo', 'authorChannelUrl': 'http://www.youtube.com/channel/UCEF_aKYWzRdrRuOR9wrtnTA', 'authorChannelId': {'value': 'UCEF_aKYWzRdrRuOR9wrtnTA'}, 'videoId': '6NQhTQIHs1E', 'textDisplay': 'Thank you for the tip with the watchdog error LOL! My CPU is stable in all but the most demanding games. It even render test just fine. I though I had reached my limit or damaged the hardware. Thanks again!', 'textOriginal': 'Thank you for the tip with the watchdog error LOL! My CPU is stable in all but the most demanding games. It even render test just fine. I though I had reached my limit or damaged the hardware. Thanks again!', 'canRate': True, 'viewerRating': 'none', 'likeCount': 0, 'publishedAt': '2020-02-17T14:48:01.000Z', 'updatedAt': '2020-02-17T14:48:52.000Z'}}, 'canReply': True, 'totalReplyCount': 1, 'isPublic': True}"
3,youtube#commentThread,"""Fznwjl6JEQdo1MGvHOGaz_YanRU/v2WuNAUZXpowgKuZrVdi6-vx7PQ""",UgxM1n4X8K_TkzBwKWx4AaABAg,"{'videoId': '6NQhTQIHs1E', 'topLevelComment': {'kind': 'youtube#comment', 'etag': '""Fznwjl6JEQdo1MGvHOGaz_YanRU/_JU73xL8elj65BOnkZ63ccmLD4o""', 'id': 'UgxM1n4X8K_TkzBwKWx4AaABAg', 'snippet': {'authorDisplayName': 'Brandon Dodson', 'authorProfileImageUrl': 'https://yt3.ggpht.com/a/AGF-l78dmjYWNaXvXwwn4twBUe7gb3nDD9AcMJR4-A=s48-c-k-c0xffffffff-no-rj-mo', 'authorChannelUrl': 'http://www.youtube.com/channel/UCk7L96GTWz8jMpL8Ov3djHg', 'authorChannelId': {'value': 'UCk7L96GTWz8jMpL8Ov3djHg'}, 'videoId': '6NQhTQIHs1E', 'textDisplay': 'In reference to the conversation at <a href=""https://www.youtube.com/watch?v=6NQhTQIHs1E&amp;t=1h47m00s"">1:47:00</a>, I drive a truck for a living. When I bought my truck, I found my wife&#39;s hair in it before she ever saw the truck.', 'textOriginal': ""In reference to the conversation at 1:47:00, I drive a truck for a living. When I bought my truck, I found my wife's hair in it before she ever saw the truck."", 'canRate': True, 'viewerRating': 'none', 'likeCount': 0, 'publishedAt': '2020-02-16T01:49:39.000Z', 'updatedAt': '2020-02-16T01:49:39.000Z'}}, 'canReply': True, 'totalReplyCount': 0, 'isPublic': True}"
4,youtube#commentThread,"""Fznwjl6JEQdo1MGvHOGaz_YanRU/oHSSOEeVxZs_phqwXX8dHDb1v4I""",UgyRJD6Juu8jJsNLjiF4AaABAg,"{'videoId': '6NQhTQIHs1E', 'topLevelComment': {'kind': 'youtube#comment', 'etag': '""Fznwjl6JEQdo1MGvHOGaz_YanRU/uN91tehNPBuCdbsjTNqQv2VeiOY""', 'id': 'UgyRJD6Juu8jJsNLjiF4AaABAg', 'snippet': {'authorDisplayName': 'BallisticSollution', 'authorProfileImageUrl': 'https://yt3.ggpht.com/a/AGF-l7--ixLfHApLlgFRsI-PYGdCyOif-wawkpofKg=s48-c-k-c0xffffffff-no-rj-mo', 'authorChannelUrl': 'http://www.youtube.com/channel/UCJzjhC0qTFxPY1dIjReU2qA', 'authorChannelId': {'value': 'UCJzjhC0qTFxPY1dIjReU2qA'}, 'videoId': '6NQhTQIHs1E', 'textDisplay': 'I learned so much from this stream, just wish I could have seen it live. Thanks for the great video. I doubt I will ever have the opportunity to do LN2 OC&#39;ing, but knowledge is power, and every minute so far (only half way through) has been thoroughly entertaining. &quot;Tech Thordin&quot; is a really funny guy, really enjoy the banter between you guys, he seems like a really great fella. Thanks again for the great content!', 'textOriginal': 'I learned so much from this stream, just wish I could have seen it live. Thanks for the great video. I doubt I will ever have the opportunity to do LN2 OC\'ing, but knowledge is power, and every minute so far (only half way through) has been thoroughly entertaining. ""Tech Thordin"" is a really funny guy, really enjoy the banter between you guys, he seems like a really great fella. Thanks again for the great content!', 'canRate': True, 'viewerRating': 'none', 'likeCount': 0, 'publishedAt': '2020-02-15T13:45:02.000Z', 'updatedAt': '2020-02-15T13:45:02.000Z'}}, 'canReply': True, 'totalReplyCount': 0, 'isPublic': True}"
5,youtube#commentThread,"""Fznwjl6JEQdo1MGvHOGaz_YanRU/DMQJEWmZJMRh6ZO4uTmi7sOeYcU""",Ugx421vgE8C-7x8y9I14AaABAg,"{'videoId': '6NQhTQIHs1E', 'topLevelComment': {'kind': 'youtube#comment', 'etag': '""Fznwjl6JEQdo1MGvHOGaz_YanRU/pzI-dp2-sqbcJfCJhETfZ4IuG-Y""', 'id': 'Ugx421vgE8C-7x8y9I14AaABAg', 'snippet': {'authorDisplayName': 'HypnoticSuggestion', 'authorProfileImageUrl': 'https://yt3.ggpht.com/a/AGF-l79XDPJVMMy-Ukz6xgDE08m2tg_SBDkayPndhQ=s48-c-k-c0xffffffff-no-rj-mo', 'authorChannelUrl': 'http://www.youtube.com/channel/UCYXGF_UkjkgZ-5sLddtrB_Q', 'authorChannelId': {'value': 'UCYXGF_UkjkgZ-5sLddtrB_Q'}, 'videoId': '6NQhTQIHs1E', 'textDisplay': 'Great stream, always entertaining.', 'textOriginal': 'Great stream, always entertaining.', 'canRate': True, 'viewerRating': 'none', 'likeCount': 0, 'publishedAt': '2020-02-15T04:58:30.000Z', 'updatedAt': '2020-02-15T04:58:30.000Z'}}, 'canReply': True, 'totalReplyCount': 0, 'isPublic': True}"
6,youtube#commentThread,"""Fznwjl6JEQdo1MGvHOGaz_YanRU/qVNR6Xp317Tv_0c6sMCNyamR5iA""",UgwfsDyWa2B5lm0NOnZ4AaABAg,"{'videoId': '6NQhTQIHs1E', 'topLevelComment': {'kind': 'youtube#comment', 'etag': '""Fznwjl6JEQdo1MGvHOGaz_YanRU/3SCBThol1Zcy3Rki6FKZFhHniwo""', 'id': 'UgwfsDyWa2B5lm0NOnZ4AaABAg', 'snippet': {'authorDisplayName': 'Nicholas Benoit', 'authorProfileImageUrl': 'https://yt3.ggpht.com/a/AGF-l7_Rr7yK5h32oDkYB5L6lUQRLQFeJh6LhPQ5Ug=s48-c-k-c0xffffffff-no-rj-mo', 'authorChannelUrl': 'http://www.youtube.com/channel/UCMY_5UKbRK7bNBzd8cx5nCg', 'authorChannelId': {'value': 'UCMY_5UKbRK7bNBzd8cx5nCg'}, 'videoId': '6NQhTQIHs1E', 'textDisplay': 'That was the loudest clearest gulp haha.', 'textOriginal': 'That was the loudest clearest gulp haha.', 'canRate': True, 'viewerRating': 'none', 'likeCount': 0, 'publishedAt': '2020-02-12T15:07:00.000Z', 'updatedAt': '2020-02-12T15:07:00.000Z'}}, 'canReply': True, 'totalReplyCount': 0, 'isPublic': True}"
7,youtube#commentThread,"""Fznwjl6JEQdo1MGvHOGaz_YanRU/dFI-0_gI2Ed3yXVLpfs6Tu5uXXA""",UgyAzu1voq7aell8yw54AaABAg,"{'videoId': '6NQhTQIHs1E', 'topLevelComment': {'kind': 'youtube#comment', 'etag': '""Fznwjl6JEQdo1MGvHOGaz_YanRU/7Kx2qfJWFNUxP4tJ37fx0VqUpwk""', 'id': 'UgyAzu1voq7aell8yw54AaABAg', 'snippet': {'authorDisplayName': 'WIN WIN', 'authorProfileImageUrl': 'https://yt3.ggpht.com/a/AGF-l7_r86cIAZFybDMtEWu6GrR0GdJmfmp1N0kY0w=s48-c-k-c0xffffffff-no-rj-mo', 'authorChannelUrl': 'http://www.youtube.com/channel/UCgPKrPgI-bDYfm--fv7fb1A', 'authorChannelId': {'value': 'UCgPKrPgI-bDYfm--fv7fb1A'}, 'videoId': '6NQhTQIHs1E', 'textDisplay': 'AMDYES', 'textOriginal': 'AMDYES', 'canRate': True, 'viewerRating': 'none', 'likeCount': 0, 'publishedAt': '2020-02-12T05:48:58.000Z', 'updatedAt': '2020-02-12T05:48:58.000Z'}}, 'canReply': True, 'totalReplyCount': 0, 'isPublic': True}"
8,youtube#commentThread,"""Fznwjl6JEQdo1MGvHOGaz_YanRU/4EGgbjYyaDGyapPL44ADMWTyBqo""",UgzEuyXHLKHQB43phyd4AaABAg,"{'videoId': '6NQhTQIHs1E', 'topLevelComment': {'kind': 'youtube#comment', 'etag': '""Fznwjl6JEQdo1MGvHOGaz_YanRU/JPb7nS0fCe2jN_oOOoUXDD_r_Uo""', 'id': 'UgzEuyXHLKHQB43phyd4AaABAg', 'snippet': {'authorDisplayName': 'Liam Biddulph', 'authorProfileImageUrl': 'https://yt3.ggpht.com/a/AGF-l7_6D9nco7DS3F2OppspBvPnfocp5ETy0yrh6w=s48-c-k-c0xffffffff-no-rj-mo', 'authorChannelUrl': 'http://www.youtube.com/channel/UCjdgaUmKkP63CgGvnxp88EA', 'authorChannelId': {'value': 'UCjdgaUmKkP63CgGvnxp88EA'}, 'videoId': '6NQhTQIHs1E', 'textDisplay': 'As usual, another awesome video. out of interest, would nano/conformal coating help to protect the board and memory against the condensation?', 'textOriginal': 'As usual, another awesome video. out of interest, would nano/conformal coating help to protect the board and memory against the condensation?', 'canRate': True, 'viewerRating': 'none', 'likeCount': 0, 'publishedAt': '2020-02-11T20:26:28.000Z', 'updatedAt': '2020-02-11T20:26:28.000Z'}}, 'canReply': True, 'totalReplyCount': 0, 'isPublic': True}"
9,youtube#commentThread,"""Fznwjl6JEQdo1MGvHOGaz_YanRU/PECVkvU5NmgbYITnH0TqKr3p6-M""",UgwhiTJTntr3uNkv9Hd4AaABAg,"{'videoId': '6NQhTQIHs1E', 'topLevelComment': {'kind': 'youtube#comment', 'etag': '""Fznwjl6JEQdo1MGvHOGaz_YanRU/19cr6S3X-DL5H1w1cT8u9ok6C2A""', 'id': 'UgwhiTJTntr3uNkv9Hd4AaABAg', 'snippet': {'authorDisplayName': 'Li Yuki', 'authorProfileImageUrl': 'https://yt3.ggpht.com/a/AGF-l79GhKKfv4QGy3qU2rzm4Ctjjr_LJ46_UfakUA=s48-c-k-c0xffffffff-no-rj-mo', 'authorChannelUrl': 'http://www.youtube.com/channel/UC6x0dqRdtzcmI80V573FBvg', 'authorChannelId': {'value': 'UC6x0dqRdtzcmI80V573FBvg'}, 'videoId': '6NQhTQIHs1E', 'textDisplay': 'What&#39;s the blue paper towel thing you guys use to clean the ram sticks? I&#39;ve been searching all over for it.', 'textOriginal': ""What's the blue paper towel thing you guys use to clean the ram sticks? I've been searching all over for it."", 'canRate': True, 'viewerRating': 'none', 'likeCount': 0, 'publishedAt': '2020-02-11T20:23:23.000Z', 'updatedAt': '2020-02-11T20:23:23.000Z'}}, 'canReply': True, 'totalReplyCount': 0, 'isPublic': True}"
10,youtube#commentThread,"""Fznwjl6JEQdo1MGvHOGaz_YanRU/9rqXf_y9jL8_vxYft7zEM4_Cg5M""",UgytzxiHigOYwyJjEnJ4AaABAg,"{'videoId': '6NQhTQIHs1E', 'topLevelComment': {'kind': 'youtube#comment', 'etag': '""Fznwjl6JEQdo1MGvHOGaz_YanRU/Ayh6DYZLfHsglJPhh003GbxqLk0""', 'id': 'UgytzxiHigOYwyJjEnJ4AaABAg', 'snippet': {'authorDisplayName': 'auke1031', 'authorProfileImageUrl': 'https://yt3.ggpht.com/a/AGF-l7_jutrl_8oDNt3RjJnGN9xwNhmqu5KZPiqv2Q=s48-c-k-c0xffffffff-no-rj-mo', 'authorChannelUrl': 'http://www.youtube.com/channel/UCR926rFFqxTDvyHxPUs75bw', 'authorChannelId': {'value': 'UCR926rFFqxTDvyHxPUs75bw'}, 'videoId': '6NQhTQIHs1E', 'textDisplay': 'Stream Feature Request: breakout that video feed from the PC under test with a splitter, and switch the stream feed back and forth so we can get a decent view of what&#39;s occuring on screen without having to point the camera at it, which always looks crappy anyway', 'textOriginal': ""Stream Feature Request: breakout that video feed from the PC under test with a splitter, and switch the stream feed back and forth so we can get a decent view of what's occuring on screen without having to point the camera at it, which always looks crappy anyway"", 'canRate': True, 'viewerRating': 'none', 'likeCount': 0, 'publishedAt': '2020-02-11T19:03:29.000Z', 'updatedAt': '2020-02-11T19:03:29.000Z'}}, 'canReply': True, 'totalReplyCount': 0, 'isPublic': True}"
11,youtube#commentThread,"""Fznwjl6JEQdo1MGvHOGaz_YanRU/NUEstCLB_1P8x4zAdGROgXqQe6s""",Ugw0iX5eH7YGCG4EnjR4AaABAg,"{'videoId': '6NQhTQIHs1E', 'topLevelComment': {'kind': 'youtube#comment', 'etag': '""Fznwjl6JEQdo1MGvHOGaz_YanRU/CEhNh3fA1UAjK8mL-fsFLaYMZCQ""', 'id': 'Ugw0iX5eH7YGCG4EnjR4AaABAg', 'snippet': {'authorDisplayName': 'Katia Anya Teleri', 'authorProfileImageUrl': 'https://yt3.ggpht.com/a/AGF-l79-gMGnG3MNyQSbi0FlMw9SCko6bhzos8I-nQ=s48-c-k-c0xffffffff-no-rj-mo', 'authorChannelUrl': 'http://www.youtube.com/channel/UCk7TCIf2o7pNgGE7-1e8vRg', 'authorChannelId': {'value': 'UCk7TCIf2o7pNgGE7-1e8vRg'}, 'videoId': '6NQhTQIHs1E', 'textDisplay': '&quot;F&quot; is NOT for &#39;Fail.&#39;   <a href=""https://dotesports.com/culture/news/the-origin-of-press-f-to-pay-respects"">https://dotesports.com/culture/news/the-origin-of-press-f-to-pay-respects</a>    It&#39;s from the old Call of Duty: Advanced Warfare PC\xa0version, and means Pay Respects for a fallen comrade.', 'textOriginal': '""F"" is NOT for \'Fail.\'   https://dotesports.com/culture/news/the-origin-of-press-f-to-pay-respects    It\'s from the old Call of Duty: Advanced Warfare PC\xa0version, and means Pay Respects for a fallen comrade.', 'canRate': True, 'viewerRating': 'none', 'likeCount': 0, 'publishedAt': '2020-02-11T14:05:35.000Z', 'updatedAt': '2020-02-11T14:08:23.000Z'}}, 'canReply': True, 'totalReplyCount': 0, 'isPublic': True}"
12,youtube#commentThread,"""Fznwjl6JEQdo1MGvHOGaz_YanRU/mF33vrtJFDKGj_kBmlA4gMMQ2qs""",UgxZHxnjYeC0taW1CG54AaABAg,"{'videoId': '6NQhTQIHs1E', 'topLevelComment': {'kind': 'youtube#comment', 'etag': '""Fznwjl6JEQdo1MGvHOGaz_YanRU/Tl4qcVguonR8PD7nbowJP6hQ2Uw""', 'id': 'UgxZHxnjYeC0taW1CG54AaABAg', 'snippet': {'authorDisplayName': 'PurePhoenix', 'authorProfileImageUrl': 'https://yt3.ggpht.com/a/AGF-l79P_tKovb8ZX-mvJHAozLTHbwf2RmdLkGoeWw=s48-c-k-c0xffffffff-no-rj-mo', 'authorChannelUrl': 'http://www.youtube.com/channel/UCPNReE_HYC8K2PsIEceVwxg', 'authorChannelId': {'value': 'UCPNReE_HYC8K2PsIEceVwxg'}, 'videoId': '6NQhTQIHs1E', 'textDisplay': 'I can confirm the Prime95 claim - totally crashes my bulldozer when i overclock it but literally any other app runs fine.', 'textOriginal': 'I can confirm the Prime95 claim - totally crashes my bulldozer when i overclock it but literally any other app runs fine.', 'canRate': True, 'viewerRating': 'none', 'likeCount': 0, 'publishedAt': '2020-02-11T13:32:39.000Z', 'updatedAt': '2020-02-11T13:32:39.000Z'}}, 'canReply': True, 'totalReplyCount': 0, 'isPublic': True}"
13,youtube#commentThread,"""Fznwjl6JEQdo1MGvHOGaz_YanRU/JkvcrHA_nZw993if9inbsb-awPs""",Ugz0hqzLOdcrRtUi3PZ4AaABAg,"{'videoId': '6NQhTQIHs1E', 'topLevelComment': {'kind': 'youtube#comment', 'etag': '""Fznwjl6JEQdo1MGvHOGaz_YanRU/n_gyjDya1hdoxdBgCsyaRb7lX_M""', 'id': 'Ugz0hqzLOdcrRtUi3PZ4AaABAg', 'snippet': {'authorDisplayName': 'Kelvin Lai', 'authorProfileImageUrl': 'https://yt3.ggpht.com/a/AGF-l7-DmLYdM3JHkGLxfIfHR9zFOSDvFtGIxLSM-A=s48-c-k-c0xffffffff-no-rj-mo', 'authorChannelUrl': 'http://www.youtube.com/channel/UCLe7Q0yzWg35fJ7MYXkp5vQ', 'authorChannelId': {'value': 'UCLe7Q0yzWg35fJ7MYXkp5vQ'}, 'videoId': '6NQhTQIHs1E', 'textDisplay': 'lmao a channel on my video xD', 'textOriginal': 'lmao a channel on my video xD', 'canRate': True, 'viewerRating': 'none', 'likeCount': 0, 'publishedAt': '2020-02-11T11:40:33.000Z', 'updatedAt': '2020-02-11T11:40:33.000Z'}}, 'canReply': True, 'totalReplyCount': 0, 'isPublic': True}"
14,youtube#commentThread,"""Fznwjl6JEQdo1MGvHOGaz_YanRU/02wPGf9JG8Hm2DhQgrKhEXsuPbI""",UgyRkHSHZfVwRR6jRy54AaABAg,"{'videoId': '6NQhTQIHs1E', 'topLevelComment': {'kind': 'youtube#comment', 'etag': '""Fznwjl6JEQdo1MGvHOGaz_YanRU/gwa2I5nhS62Jj_JhvTiVedkdBIk""', 'id': 'UgyRkHSHZfVwRR6jRy54AaABAg', 'snippet': {'authorDisplayName': 'Forsaken-Ice', 'authorProfileImageUrl': 'https://yt3.ggpht.com/a/AGF-l78MSBRzG3Rsk7reXHMZvF8iNToJuoxqOPtyrA=s48-c-k-c0xffffffff-no-rj-mo', 'authorChannelUrl': 'http://www.youtube.com/channel/UC2P6rFDYRjNVoFIpw7cUnWA', 'authorChannelId': {'value': 'UC2P6rFDYRjNVoFIpw7cUnWA'}, 'videoId': '6NQhTQIHs1E', 'textDisplay': 'mmm, an environmental air isolation would remove the problem of water condensation...', 'textOriginal': 'mmm, an environmental air isolation would remove the problem of water condensation...', 'canRate': True, 'viewerRating': 'none', 'likeCount': 0, 'publishedAt': '2020-02-11T10:42:33.000Z', 'updatedAt': '2020-02-11T10:42:33.000Z'}}, 'canReply': True, 'totalReplyCount': 0, 'isPublic': True}"
15,youtube#commentThread,"""Fznwjl6JEQdo1MGvHOGaz_YanRU/ZmDITsDG7CprNbE4PmkmfzeyO0w""",UgwruLeOwNMssPkPOZV4AaABAg,"{'videoId': '6NQhTQIHs1E', 'topLevelComment': {'kind': 'youtube#comment', 'etag': '""Fznwjl6JEQdo1MGvHOGaz_YanRU/r4G0Ryei7DUhpG2y0Qz-1Sy8F2s""', 'id': 'UgwruLeOwNMssPkPOZV4AaABAg', 'snippet': {'authorDisplayName': 'KoTu', 'authorProfileImageUrl': 'https://yt3.ggpht.com/a/AGF-l7-xDa_KactomNDu2UHGihUAHMNKWo14C7OZMg=s48-c-k-c0xffffffff-no-rj-mo', 'authorChannelUrl': 'http://www.youtube.com/channel/UCBZuuQ8GEx7g4zV4ORDVWsQ', 'authorChannelId': {'value': 'UCBZuuQ8GEx7g4zV4ORDVWsQ'}, 'videoId': '6NQhTQIHs1E', 'textDisplay': 'TV news: coca-cola commercial break between school shooting report<br />YT: you said <b>**</b> in your news video, demonetized.', 'textOriginal': 'TV news: coca-cola commercial break between school shooting report\nYT: you said **** in your news video, demonetized.', 'canRate': True, 'viewerRating': 'none', 'likeCount': 0, 'publishedAt': '2020-02-11T09:59:14.000Z', 'updatedAt': '2020-02-11T09:59:14.000Z'}}, 'canReply': True, 'totalReplyCount': 0, 'isPublic': True}"
16,youtube#commentThread,"""Fznwjl6JEQdo1MGvHOGaz_YanRU/sl1-7FVVviSwj7zqIsq0VJS-3PM""",UgzjCkrXgjvIPAEHgfF4AaABAg,"{'videoId': '6NQhTQIHs1E', 'topLevelComment': {'kind': 'youtube#comment', 'etag': '""Fznwjl6JEQdo1MGvHOGaz_YanRU/tUTJc39XI9KE7n5npOknvu6OZow""', 'id': 'UgzjCkrXgjvIPAEHgfF4AaABAg', 'snippet': {'authorDisplayName': 'Accipiter', 'authorProfileImageUrl': 'https://yt3.ggpht.com/a/AGF-l7-C0_gM5o7X9v_KGvYru2fs0WDkl03Zhq7sVw=s48-c-k-c0xffffffff-no-rj-mo', 'authorChannelUrl': 'http://www.youtube.com/channel/UCGrnLM9YtWdylSl_JBhAWfw', 'authorChannelId': {'value': 'UCGrnLM9YtWdylSl_JBhAWfw'}, 'videoId': '6NQhTQIHs1E', 'textDisplay': 'What if you do this in mineral oil cooled pc that is isolated at top so you could still feed \rliquid nitrogen in to it. No condensation :P.  That would be fun to see if you make it happen.', 'textOriginal': 'What if you do this in mineral oil cooled pc that is isolated at top so you could still feed \rliquid nitrogen in to it. No condensation :P.  That would be fun to see if you make it happen.', 'canRate': True, 'viewerRating': 'none', 'likeCount': 0, 'publishedAt': '2020-02-11T07:01:41.000Z', 'updatedAt': '2020-02-11T07:01:41.000Z'}}, 'canReply': True, 'totalReplyCount': 0, 'isPublic': True}"
17,youtube#commentThread,"""Fznwjl6JEQdo1MGvHOGaz_YanRU/sKgyFs6kKVz_Xe9TQV9KDkosWDc""",Ugxtt1HikV3VgpEt49h4AaABAg,"{'videoId': '6NQhTQIHs1E', 'topLevelComment': {'kind': 'youtube#comment', 'etag': '""Fznwjl6JEQdo1MGvHOGaz_YanRU/yhvnwP8OSf1UNujX_tiUrGiLl44""', 'id': 'Ugxtt1HikV3VgpEt49h4AaABAg', 'snippet': {'authorDisplayName': 'mjs1231', 'authorProfileImageUrl': 'https://yt3.ggpht.com/a/AGF-l7_f89wXYUE1ZOURYhnSgvsWBRFqW7cB-inWPg=s48-c-k-c0xffffffff-no-rj-mo', 'authorChannelUrl': 'http://www.youtube.com/channel/UCctPGIRXi8Kw1pq1Zb01Cug', 'authorChannelId': {'value': 'UCctPGIRXi8Kw1pq1Zb01Cug'}, 'videoId': '6NQhTQIHs1E', 'textDisplay': 'Just did a rma on a x570 unify + 3900x<br />Every morning no post. Sits in bios and heats to 100c. Reset. Boot to windows and it would drop 50 c.', 'textOriginal': 'Just did a rma on a x570 unify + 3900x\nEvery morning no post. Sits in bios and heats to 100c. Reset. Boot to windows and it would drop 50 c.', 'canRate': True, 'viewerRating': 'none', 'likeCount': 0, 'publishedAt': '2020-02-11T05:34:34.000Z', 'updatedAt': '2020-02-11T05:34:34.000Z'}}, 'canReply': True, 'totalReplyCount': 0, 'isPublic': True}"
18,youtube#commentThread,"""Fznwjl6JEQdo1MGvHOGaz_YanRU/_Mygc0H8Br0z0uGfPSrDTrgl7eE""",Ugy8ziwsNas_DC861b94AaABAg,"{'videoId': '6NQhTQIHs1E', 'topLevelComment': {'kind': 'youtube#comment', 'etag': '""Fznwjl6JEQdo1MGvHOGaz_YanRU/HRppA7XKjDZBkje7-OiOW1sYe4k""', 'id': 'Ugy8ziwsNas_DC861b94AaABAg', 'snippet': {'authorDisplayName': 'Lee DHendon', 'authorProfileImageUrl': 'https://yt3.ggpht.com/a/AGF-l79ZriVdQd1had6ikgTEuxdIz0NgjSFImJU4EA=s48-c-k-c0xffffffff-no-rj-mo', 'authorChannelUrl': 'http://www.youtube.com/channel/UCrmheefuXx2nwjxf_tRjfTg', 'authorChannelId': {'value': 'UCrmheefuXx2nwjxf_tRjfTg'}, 'videoId': '6NQhTQIHs1E', 'textDisplay': 'Yeah but it&#39;s not EPYC  lol', 'textOriginal': ""Yeah but it's not EPYC  lol"", 'canRate': True, 'viewerRating': 'none', 'likeCount': 0, 'publishedAt': '2020-02-11T05:28:29.000Z', 'updatedAt': '2020-02-11T05:28:29.000Z'}}, 'canReply': True, 'totalReplyCount': 0, 'isPublic': True}"
19,youtube#commentThread,"""Fznwjl6JEQdo1MGvHOGaz_YanRU/Wrzef_fXzxEMRvs31o9aZJeKK8k""",UgybeKDXubiqhDLVoHB4AaABAg,"{'videoId': '6NQhTQIHs1E', 'topLevelComment': {'kind': 'youtube#comment', 'etag': '""Fznwjl6JEQdo1MGvHOGaz_YanRU/sXglbsJZ6vGnb3YHmAZzu0gs1wA""', 'id': 'UgybeKDXubiqhDLVoHB4AaABAg', 'snippet': {'authorDisplayName': 'Jaroslav', 'authorProfileImageUrl': 'https://yt3.ggpht.com/a/AGF-l79CGOCyVBvuAbRPQk6NUY6FvTwnFz-C-TwaVw=s48-c-k-c0xffffffff-no-rj-mo', 'authorChannelUrl': 'http://www.youtube.com/channel/UCLSFfPxFz4SyLCOGgNCwA5A', 'authorChannelId': {'value': 'UCLSFfPxFz4SyLCOGgNCwA5A'}, 'videoId': '6NQhTQIHs1E', 'textDisplay': 'Парни, глядя на вас я решил заняться спортом! Не хочу быть похожим на вас когда мне стукнет 30 лет.', 'textOriginal': 'Парни, глядя на вас я решил заняться спортом! Не хочу быть похожим на вас когда мне стукнет 30 лет.', 'canRate': True, 'viewerRating': 'none', 'likeCount': 0, 'publishedAt': '2020-02-11T03:34:35.000Z', 'updatedAt': '2020-02-11T03:34:35.000Z'}}, 'canReply': True, 'totalReplyCount': 0, 'isPublic': True}"
20,youtube#commentThread,"""Fznwjl6JEQdo1MGvHOGaz_YanRU/4EmeC9jIQ7l0D0GRAx6sgeaLr7E""",UgxTIaxpQ-cBwhSNU_V4AaABAg,"{'videoId': '6NQhTQIHs1E', 'topLevelComment': {'kind': 'youtube#comment', 'etag': '""Fznwjl6JEQdo1MGvHOGaz_YanRU/AkCsCd--2ViPCVwTeyfECYWji4g""', 'id': 'UgxTIaxpQ-cBwhSNU_V4AaABAg', 'snippet': {'authorDisplayName': 'Gareth Fairclough', 'authorProfileImageUrl': 'https://yt3.ggpht.com/a/AGF-l7-hCCVTf-kj51XDRDZLlI7K9VgxQCqj6sqJCQ=s48-c-k-c0xffffffff-no-rj-mo', 'authorChannelUrl': 'http://www.youtube.com/channel/UCMSPY2b_78VQPXO3AXhmDsw', 'authorChannelId': {'value': 'UCMSPY2b_78VQPXO3AXhmDsw'}, 'videoId': '6NQhTQIHs1E', 'textDisplay': 'No boom?', 'textOriginal': 'No boom?', 'canRate': True, 'viewerRating': 'none', 'likeCount': 0, 'publishedAt': '2020-02-11T03:28:39.000Z', 'updatedAt': '2020-02-11T03:28:39.000Z'}}, 'canReply': True, 'totalReplyCount': 0, 'isPublic': True}"
21,youtube#commentThread,"""Fznwjl6JEQdo1MGvHOGaz_YanRU/O8__WlmJACkX8UV6izC6tm4bd0s""",UgzMDxLaHXTUZBlW0Ih4AaABAg,"{'videoId': '6NQhTQIHs1E', 'topLevelComment': {'kind': 'youtube#comment', 'etag': '""Fznwjl6JEQdo1MGvHOGaz_YanRU/2JCNbucCgcI4PHlHBZde5j-N3cg""', 'id': 'UgzMDxLaHXTUZBlW0Ih4AaABAg', 'snippet': {'authorDisplayName': 'Artiya Thinkumpang', 'authorProfileImageUrl': 'https://yt3.ggpht.com/a/AGF-l7_9Lj-4FKbAmYIemuZc2nd2oCvDyhJfAkAyiQ=s48-c-k-c0xffffffff-no-rj-mo', 'authorChannelUrl': 'http://www.youtube.com/channel/UCCbqKU6YFXuoEiE49b6-DGQ', 'authorChannelId': {'value': 'UCCbqKU6YFXuoEiE49b6-DGQ'}, 'videoId': '6NQhTQIHs1E', 'textDisplay': 'Please do the Laser cooling.', 'textOriginal': 'Please do the Laser cooling.', 'canRate': True, 'viewerRating': 'none', 'likeCount': 0, 'publishedAt': '2020-02-11T03:06:35.000Z', 'updatedAt': '2020-02-11T03:06:35.000Z'}}, 'canReply': True, 'totalReplyCount': 0, 'isPublic': True}"
22,youtube#commentThread,"""Fznwjl6JEQdo1MGvHOGaz_YanRU/J5oWVO_LGftmElnUT8S9pktwY9s""",Ugy8yOSjozQa7xfOx-R4AaABAg,"{'videoId': '6NQhTQIHs1E', 'topLevelComment': {'kind': 'youtube#comment', 'etag': '""Fznwjl6JEQdo1MGvHOGaz_YanRU/GmhcYG-dFhEULou-baKsZj3E_-4""', 'id': 'Ugy8yOSjozQa7xfOx-R4AaABAg', 'snippet': {'authorDisplayName': 'Giang Le Truong', 'authorProfileImageUrl': 'https://yt3.ggpht.com/a/AGF-l7-AtuxuUa2doKo1pKijEEQb0DA8Dn-m0NeIDQ=s48-c-k-c0xffffffff-no-rj-mo', 'authorChannelUrl': 'http://www.youtube.com/channel/UCxQ7vaPM4v4TQkz5QRBA5SQ', 'authorChannelId': {'value': 'UCxQ7vaPM4v4TQkz5QRBA5SQ'}, 'videoId': '6NQhTQIHs1E', 'textDisplay': ':))', 'textOriginal': ':))', 'canRate': True, 'viewerRating': 'none', 'likeCount': 0, 'publishedAt': '2020-02-11T03:03:14.000Z', 'updatedAt': '2020-02-11T03:03:14.000Z'}}, 'canReply': True, 'totalReplyCount': 0, 'isPublic': True}"
23,youtube#commentThread,"""Fznwjl6JEQdo1MGvHOGaz_YanRU/h-zDyh9sQhZQu_xqggDSv6zf-EI""",UgxlxX6BfCpCoJQ9Ow54AaABAg,"{'videoId': '6NQhTQIHs1E', 'topLevelComment': {'kind': 'youtube#comment', 'etag': '""Fznwjl6JEQdo1MGvHOGaz_YanRU/M4wXY-GFEEGhpwC1hAiRq9-XUuI""', 'id': 'UgxlxX6BfCpCoJQ9Ow54AaABAg', 'snippet': {'authorDisplayName': 'Dennis Burd', 'authorProfileImageUrl': 'https://yt3.ggpht.com/a/AGF-l7_RvQOrVj3p_mzPOSYfSjDyMRGGwbZ5HY1lXQ=s48-c-k-c0xffffffff-no-rj-mo', 'authorChannelUrl': 'http://www.youtube.com/channel/UC5sYsiezm1TeaNxMzXUdeOw', 'authorChannelId': {'value': 'UC5sYsiezm1TeaNxMzXUdeOw'}, 'videoId': '6NQhTQIHs1E', 'textDisplay': 'Only 32GB of ram?', 'textOriginal': 'Only 32GB of ram?', 'canRate': True, 'viewerRating': 'none', 'likeCount': 0, 'publishedAt': '2020-02-11T02:56:38.000Z', 'updatedAt': '2020-02-11T02:56:38.000Z'}}, 'canReply': True, 'totalReplyCount': 0, 'isPublic': True}"
24,youtube#commentThread,"""Fznwjl6JEQdo1MGvHOGaz_YanRU/oUeJfCSqO3lZvpkdAYEmX20XZJA""",Ugwribs1n5zWwJ1X6MF4AaABAg,"{'videoId': '6NQhTQIHs1E', 'topLevelComment': {'kind': 'youtube#comment', 'etag': '""Fznwjl6JEQdo1MGvHOGaz_YanRU/bO9gl4g30ZfHqRRPMcDz-vzQlzI""', 'id': 'Ugwribs1n5zWwJ1X6MF4AaABAg', 'snippet': {'authorDisplayName': 'Fabio RL', 'authorProfileImageUrl': 'https://yt3.ggpht.com/a/AGF-l7-ek-0vNNoPPhXyvegJrGeSRS064aX8EEutiw=s48-c-k-c0xffffffff-no-rj-mo', 'authorChannelUrl': 'http://www.youtube.com/channel/UCpGKo0BhD1s2xS7TDD5mpWw', 'authorChannelId': {'value': 'UCpGKo0BhD1s2xS7TDD5mpWw'}, 'videoId': '6NQhTQIHs1E', 'textDisplay': 'amen', 'textOriginal': 'amen', 'canRate': True, 'viewerRating': 'none', 'likeCount': 0, 'publishedAt': '2020-02-11T02:32:09.000Z', 'updatedAt': '2020-02-11T02:32:09.000Z'}}, 'canReply': True, 'totalReplyCount': 0, 'isPublic': True}"
